title,company,condition,link,source
[맘가이드] 앱 서비스 백엔드개발자모집,(주)인포그린,"서울서초구 | 경력 2~4년 | 대졸↑ | 정규직 | 4,300 만원",https://www.saramin.co.kr/zf_user/jobs/relay/view?view_type=search&rec_idx=53473663&location=ts&searchword=%EA%B0%9C%EB%B0%9C%EC%9E%90&searchType=search&paid_fl=n&search_uuid=6e193ad3-0bbe-4b1b-aff5-7efb80c76ccb,사람인
파이썬 기반 데스크톱 애플리케이션 및 영상처리개발자모집,(주)제이에이치씨,서울동작구 | 경력1년↑ | 학력무관 | 정규직,https://www.saramin.co.kr/zf_user/jobs/relay/view?view_type=search&rec_idx=53473645&location=ts&searchword=%EA%B0%9C%EB%B0%9C%EC%9E%90&searchType=search&paid_fl=n&search_uuid=6e193ad3-0bbe-4b1b-aff5-7efb80c76ccb,사람인
리액트 / 웹 게임 프론트개발자공고,(주)비테크,서울강남구 | 경력 7~15년 | 학력무관 | 정규직,https://www.saramin.co.kr/zf_user/jobs/relay/view?view_type=search&rec_idx=53473603&location=ts&searchword=%EA%B0%9C%EB%B0%9C%EC%9E%90&searchType=search&paid_fl=n&search_uuid=6e193ad3-0bbe-4b1b-aff5-7efb80c76ccb,사람인
실력있는 풀스택개발자모십니다,(주)비테크,"부산남구 | 경력 6~20년 | 학력무관 | 정규직 | 6,000 만원",https://www.saramin.co.kr/zf_user/jobs/relay/view?view_type=search&rec_idx=53473568&location=ts&searchword=%EA%B0%9C%EB%B0%9C%EC%9E%90&searchType=search&paid_fl=n&search_uuid=6e193ad3-0bbe-4b1b-aff5-7efb80c76ccb,사람인
[주식회사 페텔] 백엔드개발자채용,(주)페텔,부산해운대구 | 경력7년↑ | 학력무관 | 정규직·계약직,https://www.saramin.co.kr/zf_user/jobs/relay/view?view_type=search&rec_idx=53473528&location=ts&searchword=%EA%B0%9C%EB%B0%9C%EC%9E%90&searchType=search&paid_fl=n&search_uuid=6e193ad3-0bbe-4b1b-aff5-7efb80c76ccb,사람인
[국내중견IT기업계열사] SAP 시스템 연계·인터페이스개발자,주식회사 지니어스,서울송파구 | 경력 5~10년 | 대졸↑ | 정규직,https://www.saramin.co.kr/zf_user/jobs/relay/view?view_type=search&rec_idx=53473504&location=ts&searchword=%EA%B0%9C%EB%B0%9C%EC%9E%90&searchType=search&paid_fl=n&search_uuid=6e193ad3-0bbe-4b1b-aff5-7efb80c76ccb,사람인
[에이전트밋] 비즈밋 풀스택개발자채용 (React/Next.js),에이전트밋,부산부산진구 | 경력 2~5년 | 학력무관 | 정규직,https://www.saramin.co.kr/zf_user/jobs/relay/view?view_type=search&rec_idx=53473475&location=ts&searchword=%EA%B0%9C%EB%B0%9C%EC%9E%90&searchType=search&paid_fl=n&search_uuid=6e193ad3-0bbe-4b1b-aff5-7efb80c76ccb,사람인
[JOYCITY] 병역특례 전문연구요원 서버개발 모집(석사/신규편입),(주)조이시티,경기성남시 분당구 | 경력무관 | 석사↑ | 전문연구요원·병역특례,https://www.saramin.co.kr/zf_user/jobs/relay/view?view_type=search&rec_idx=53473457&location=ts&searchword=%EA%B0%9C%EB%B0%9C%EC%9E%90&searchType=search&paid_fl=n&search_uuid=6e193ad3-0bbe-4b1b-aff5-7efb80c76ccb,사람인
[JOYCITY] 병역특례 전문연구요원 클라개발 모집(석사/전직가능),(주)조이시티,경기성남시 분당구 | 경력무관 | 석사↑ | 전문연구요원·병역특례,https://www.saramin.co.kr/zf_user/jobs/relay/view?view_type=search&rec_idx=53473437&location=ts&searchword=%EA%B0%9C%EB%B0%9C%EC%9E%90&searchType=search&paid_fl=n&search_uuid=6e193ad3-0bbe-4b1b-aff5-7efb80c76ccb,사람인
Power Conversion System  HW 개발,(주)커리어앤유,경기용인시 수지구 | 경력 5~10년 | 대졸↑ | 정규직,https://www.saramin.co.kr/zf_user/jobs/relay/view?view_type=search&rec_idx=53473230&location=ts&searchword=%EA%B0%9C%EB%B0%9C%EC%9E%90&searchType=search&paid_fl=n&search_uuid=6e193ad3-0bbe-4b1b-aff5-7efb80c76ccb,사람인
QA,(주)센트비,서울영등포구 | 경력 3~7년 | 학력무관 | 정규직,https://www.saramin.co.kr/zf_user/jobs/relay/view?view_type=search&rec_idx=53473162&location=ts&searchword=%EA%B0%9C%EB%B0%9C%EC%9E%90&searchType=search&paid_fl=n&search_uuid=6e193ad3-0bbe-4b1b-aff5-7efb80c76ccb,사람인
Power Conversion System SW 개발(Firmware/Control),(주)커리어앤유,경기용인시 수지구 | 경력 5~10년 | 대졸↑ | 정규직,https://www.saramin.co.kr/zf_user/jobs/relay/view?view_type=search&rec_idx=53473043&location=ts&searchword=%EA%B0%9C%EB%B0%9C%EC%9E%90&searchType=search&paid_fl=n&search_uuid=6e193ad3-0bbe-4b1b-aff5-7efb80c76ccb,사람인
[평촌] 백엔드 시니어개발자채용,(주)오토노머스에이투지,경기안양시 | 경력 5~20년 | 초대졸↑ | 정규직,https://www.saramin.co.kr/zf_user/jobs/relay/view?view_type=search&rec_idx=53473031&location=ts&searchword=%EA%B0%9C%EB%B0%9C%EC%9E%90&searchType=search&paid_fl=n&search_uuid=6e193ad3-0bbe-4b1b-aff5-7efb80c76ccb,사람인
'국가대표급 몰입' AI와 함께 압축 성장할 Product Engineer,(주)탄소중립연구원,서울용산구 | 경력2년↑ | 학력무관 | 정규직,https://www.saramin.co.kr/zf_user/jobs/relay/view?view_type=search&rec_idx=53472826&location=ts&searchword=%EA%B0%9C%EB%B0%9C%EC%9E%90&searchType=search&paid_fl=n&search_uuid=6e193ad3-0bbe-4b1b-aff5-7efb80c76ccb,사람인
SW개발자경력자 채용,(주)엔티엘헬스케어,경기성남시 | 경력 3~20년 | 대졸↑ | 정규직,https://www.saramin.co.kr/zf_user/jobs/relay/view?view_type=search&rec_idx=53472755&location=ts&searchword=%EA%B0%9C%EB%B0%9C%EC%9E%90&searchType=search&paid_fl=n&search_uuid=6e193ad3-0bbe-4b1b-aff5-7efb80c76ccb,사람인
글로벌 서비스 풀스택 웹개발자,(주)세나테크놀로지,서울강남구 | 경력 2~5년 | 대졸↑ | 정규직,https://www.saramin.co.kr/zf_user/jobs/relay/view?view_type=search&rec_idx=53472737&location=ts&searchword=%EA%B0%9C%EB%B0%9C%EC%9E%90&searchType=search&paid_fl=n&search_uuid=6e193ad3-0bbe-4b1b-aff5-7efb80c76ccb,사람인
법무법인 마케팅개발자채용,동주랩 주식회사,서울강남구 | 경력 1~3년 | 학력무관 | 정규직,https://www.saramin.co.kr/zf_user/jobs/relay/view?view_type=search&rec_idx=53472711&location=ts&searchword=%EA%B0%9C%EB%B0%9C%EC%9E%90&searchType=search&paid_fl=n&search_uuid=6e193ad3-0bbe-4b1b-aff5-7efb80c76ccb,사람인
[신입/경력] JAVA 웹/앱 백엔드개발자모집,(주)인피아드,경기과천시 | 경력3년↑ | 초대졸↑ | 정규직,https://www.saramin.co.kr/zf_user/jobs/relay/view?view_type=search&rec_idx=53472666&location=ts&searchword=%EA%B0%9C%EB%B0%9C%EC%9E%90&searchType=search&paid_fl=n&search_uuid=6e193ad3-0bbe-4b1b-aff5-7efb80c76ccb,사람인
"제어 프로그램 개발(MFC, 대리~차장급)",골든비네트워크(주),경기수원시 권선구 | 경력 5~18년 | 초대졸↑ | 정규직,https://www.saramin.co.kr/zf_user/jobs/relay/view?view_type=search&rec_idx=53472576&location=ts&searchword=%EA%B0%9C%EB%B0%9C%EC%9E%90&searchType=search&paid_fl=n&search_uuid=6e193ad3-0bbe-4b1b-aff5-7efb80c76ccb,사람인
(주)아이에스피 소프트웨어 개발 부문 신입/경력 직원 모집,(주)아이에스피,전북전주시 덕진구 | 경력무관 | 초대졸↑ | 정규직,https://www.saramin.co.kr/zf_user/jobs/relay/view?view_type=search&rec_idx=53472530&location=ts&searchword=%EA%B0%9C%EB%B0%9C%EC%9E%90&searchType=search&paid_fl=n&search_uuid=6e193ad3-0bbe-4b1b-aff5-7efb80c76ccb,사람인
IPCC/AICC 경력개발자모집,(주)이아이씨엔,서울서초구 | 경력1년↑ | 학력무관 | 정규직,https://www.saramin.co.kr/zf_user/jobs/relay/view?view_type=search&rec_idx=53472442&location=ts&searchword=%EA%B0%9C%EB%B0%9C%EC%9E%90&searchType=search&paid_fl=n&search_uuid=6e193ad3-0bbe-4b1b-aff5-7efb80c76ccb,사람인
[웰컴페이먼츠] PG시스템 C개발자(경력),웰컴페이먼츠(주),서울용산구 | 경력3년↑ | 대졸↑ | 정규직,https://www.saramin.co.kr/zf_user/jobs/relay/view?view_type=search&rec_idx=53472436&location=ts&searchword=%EA%B0%9C%EB%B0%9C%EC%9E%90&searchType=search&paid_fl=n&search_uuid=6e193ad3-0bbe-4b1b-aff5-7efb80c76ccb,사람인
[4일 안에 최종 합류] 건설파트너 신입개발자집중 채용 합니다,주식회사건설파트너,서울중구 | 경력무관 | 학력무관 | 정규직·계약직,https://www.saramin.co.kr/zf_user/jobs/relay/view?view_type=search&rec_idx=53472370&location=ts&searchword=%EA%B0%9C%EB%B0%9C%EC%9E%90&searchType=search&paid_fl=n&search_uuid=6e193ad3-0bbe-4b1b-aff5-7efb80c76ccb,사람인
"MES 응용프로그램개발(Java, C#등) 프리랜서 채용",(주)아이티어솔루션,서울강남구 | 경력 5~15년 | 초대졸↑ | 프리랜서,https://www.saramin.co.kr/zf_user/jobs/relay/view?view_type=search&rec_idx=53472333&location=ts&searchword=%EA%B0%9C%EB%B0%9C%EC%9E%90&searchType=search&paid_fl=n&search_uuid=6e193ad3-0bbe-4b1b-aff5-7efb80c76ccb,사람인
[코스닥 상장사] 영상처리개발자,휴머레인컨설팅,경기광명시 | 경력 6~15년 | 대졸↑ | 정규직,https://www.saramin.co.kr/zf_user/jobs/relay/view?view_type=search&rec_idx=53472327&location=ts&searchword=%EA%B0%9C%EB%B0%9C%EC%9E%90&searchType=search&paid_fl=n&search_uuid=6e193ad3-0bbe-4b1b-aff5-7efb80c76ccb,사람인
신사업개발자(캐피탈사),써치스퀘어,서울강남구 | 경력4년↓ | 대졸↑ | 정규직,https://www.saramin.co.kr/zf_user/jobs/relay/view?view_type=search&rec_idx=53472228&location=ts&searchword=%EA%B0%9C%EB%B0%9C%EC%9E%90&searchType=search&paid_fl=n&search_uuid=6e193ad3-0bbe-4b1b-aff5-7efb80c76ccb,사람인
SWinfra팀 풀스택개발자모집합니다.,(주)한국클라우드,서울금천구 | 경력3년↑ | 초대졸↑ | 정규직,https://www.saramin.co.kr/zf_user/jobs/relay/view?view_type=search&rec_idx=53471861&location=ts&searchword=%EA%B0%9C%EB%B0%9C%EC%9E%90&searchType=search&paid_fl=n&search_uuid=6e193ad3-0bbe-4b1b-aff5-7efb80c76ccb,사람인
강소기업) H/W 설계 및개발자채용 (신입/경력),(주)엠케이디에스,경북구미시 | 경력2년↑ | 학력무관 | 정규직,https://www.saramin.co.kr/zf_user/jobs/relay/view?view_type=search&rec_idx=53471853&location=ts&searchword=%EA%B0%9C%EB%B0%9C%EC%9E%90&searchType=search&paid_fl=n&search_uuid=6e193ad3-0bbe-4b1b-aff5-7efb80c76ccb,사람인
SAP S/4 HANA Public Cloud 신입 RAP개발자채용,리디안솔루션(주),서울종로구 | 경력무관 | 대졸↑ | 정규직,https://www.saramin.co.kr/zf_user/jobs/relay/view?view_type=search&rec_idx=53471832&location=ts&searchword=%EA%B0%9C%EB%B0%9C%EC%9E%90&searchType=search&paid_fl=n&search_uuid=6e193ad3-0bbe-4b1b-aff5-7efb80c76ccb,사람인
STM32 펌웨어 엔지니어 및 임베디드개발자모집 (신입/경력),(주)에스씨솔루션글로벌,경기용인시 기흥구 | 경력무관 | 학력무관 | 정규직,https://www.saramin.co.kr/zf_user/jobs/relay/view?view_type=search&rec_idx=53471754&location=ts&searchword=%EA%B0%9C%EB%B0%9C%EC%9E%90&searchType=search&paid_fl=n&search_uuid=6e193ad3-0bbe-4b1b-aff5-7efb80c76ccb,사람인
프론트엔드개발자- 스테이블코인 서비스,(주)카카오페이,경기성남시 분당구 | 경력5년↑ | 학력무관 | 정규직,https://www.saramin.co.kr/zf_user/jobs/relay/view?view_type=search&rec_idx=53471613&location=ts&searchword=%EA%B0%9C%EB%B0%9C%EC%9E%90&searchType=search&paid_fl=n&search_uuid=6e193ad3-0bbe-4b1b-aff5-7efb80c76ccb,사람인
(주)엘디티 MCU 기반 임베비드 IoT 하드웨어개발자채용,(주)엘디티,충남천안시 서북구 | 경력무관 | 학력무관 | 정규직,https://www.saramin.co.kr/zf_user/jobs/relay/view?view_type=search&rec_idx=53471557&location=ts&searchword=%EA%B0%9C%EB%B0%9C%EC%9E%90&searchType=search&paid_fl=n&search_uuid=6e193ad3-0bbe-4b1b-aff5-7efb80c76ccb,사람인
계측기 회로개발자경력직 채용,(주)에이앤아이,경기수원시 권선구 | 경력3년↑ | 대졸↑ | 정규직,https://www.saramin.co.kr/zf_user/jobs/relay/view?view_type=search&rec_idx=53471480&location=ts&searchword=%EA%B0%9C%EB%B0%9C%EC%9E%90&searchType=search&paid_fl=n&search_uuid=6e193ad3-0bbe-4b1b-aff5-7efb80c76ccb,사람인
[Remittance] 서버개발자,(주)글로벌머니익스프레스,서울영등포구 | 경력8년↑ | 학력무관 | 정규직,https://www.saramin.co.kr/zf_user/jobs/relay/view?view_type=search&rec_idx=53471436&location=ts&searchword=%EA%B0%9C%EB%B0%9C%EC%9E%90&searchType=search&paid_fl=n&search_uuid=6e193ad3-0bbe-4b1b-aff5-7efb80c76ccb,사람인
ITU-T X.1284 국제표준 BSA 솔루션 개발팀 핵심 인재 모집,(주)에프엔에스벨류,서울관악구 | 경력 5~7년 | 초대졸↑ | 정규직,https://www.saramin.co.kr/zf_user/jobs/relay/view?view_type=search&rec_idx=53471348&location=ts&searchword=%EA%B0%9C%EB%B0%9C%EC%9E%90&searchType=search&paid_fl=n&search_uuid=3d831b79-1ad8-472b-9f0d-b95b91a7625f,사람인
서버개발자- 결제 서비스,(주)카카오페이,경기성남시 분당구 | 경력3년↑ | 학력무관 | 정규직,https://www.saramin.co.kr/zf_user/jobs/relay/view?view_type=search&rec_idx=53471335&location=ts&searchword=%EA%B0%9C%EB%B0%9C%EC%9E%90&searchType=search&paid_fl=n&search_uuid=3d831b79-1ad8-472b-9f0d-b95b91a7625f,사람인
[시리즈A/문토] 풀스택개발자l 신입·경력 (역삼역),(주)문토,서울강남구 | 경력2년↑ | 대졸↑ | 정규직·계약직,https://www.saramin.co.kr/zf_user/jobs/relay/view?view_type=search&rec_idx=53471328&location=ts&searchword=%EA%B0%9C%EB%B0%9C%EC%9E%90&searchType=search&paid_fl=n&search_uuid=3d831b79-1ad8-472b-9f0d-b95b91a7625f,사람인
IT 강소기업 서버개발자채용,(주)디오티스,서울송파구 | 경력 7~15년 | 대졸↑ | 정규직,https://www.saramin.co.kr/zf_user/jobs/relay/view?view_type=search&rec_idx=53471223&location=ts&searchword=%EA%B0%9C%EB%B0%9C%EC%9E%90&searchType=search&paid_fl=n&search_uuid=3d831b79-1ad8-472b-9f0d-b95b91a7625f,사람인
IT 강소기업 웹어플리케이션개발자채용,(주)디오티스,서울송파구 | 경력 5~12년 | 대졸↑ | 정규직,https://www.saramin.co.kr/zf_user/jobs/relay/view?view_type=search&rec_idx=53471215&location=ts&searchword=%EA%B0%9C%EB%B0%9C%EC%9E%90&searchType=search&paid_fl=n&search_uuid=3d831b79-1ad8-472b-9f0d-b95b91a7625f,사람인
(주)윙소프트 Node.js 백엔드개발자모집,(주)윙소프트,서울금천구 | 경력5년↑ | 학력무관 | 정규직,https://www.saramin.co.kr/zf_user/jobs/relay/view?view_type=search&rec_idx=53471213&location=ts&searchword=%EA%B0%9C%EB%B0%9C%EC%9E%90&searchType=search&paid_fl=n&search_uuid=3d831b79-1ad8-472b-9f0d-b95b91a7625f,사람인
[SQL SI 강남역] 자산 운영 통합 데이터 마이그레이션(10),(주)제이투이,서울강남구 | 경력 6~11년 | 초대졸↑ | 프리랜서,https://www.saramin.co.kr/zf_user/jobs/relay/view?view_type=search&rec_idx=53471046&location=ts&searchword=%EA%B0%9C%EB%B0%9C%EC%9E%90&searchType=search&paid_fl=n&search_uuid=3d831b79-1ad8-472b-9f0d-b95b91a7625f,사람인
[이지스에듀] 초등 수학 교재 편집개발자채용,이지스퍼블리싱(주),서울마포구 | 신입·경력 | 대졸↑ | 정규직,https://www.saramin.co.kr/zf_user/jobs/relay/view?view_type=search&rec_idx=53471040&location=ts&searchword=%EA%B0%9C%EB%B0%9C%EC%9E%90&searchType=search&paid_fl=n&search_uuid=3d831b79-1ad8-472b-9f0d-b95b91a7625f,사람인
[ETL SI 강남역] SAP-BW 데이터 파이프라인 개발 및 검증 (10),(주)제이투이,서울강남구 | 경력9년↑ | 초대졸↑ | 프리랜서,https://www.saramin.co.kr/zf_user/jobs/relay/view?view_type=search&rec_idx=53471023&location=ts&searchword=%EA%B0%9C%EB%B0%9C%EC%9E%90&searchType=search&paid_fl=n&search_uuid=3d831b79-1ad8-472b-9f0d-b95b91a7625f,사람인
(주)피디솔루션 C#/WPF 소프트웨어개발자모집,(주)피디솔루션,"대전유성구 | 신입 | 대졸↑ | 정규직 | 3,000 만원",https://www.saramin.co.kr/zf_user/jobs/relay/view?view_type=search&rec_idx=53470999&location=ts&searchword=%EA%B0%9C%EB%B0%9C%EC%9E%90&searchType=search&paid_fl=n&search_uuid=3d831b79-1ad8-472b-9f0d-b95b91a7625f,사람인
[PYTHON SI 잠실] 대기업 마트앱 AI 관련 클라우드 이관 (4월투,(주)제이투이,서울송파구 | 경력6년↑ | 초대졸↑ | 프리랜서,https://www.saramin.co.kr/zf_user/jobs/relay/view?view_type=search&rec_idx=53470978&location=ts&searchword=%EA%B0%9C%EB%B0%9C%EC%9E%90&searchType=search&paid_fl=n&search_uuid=3d831b79-1ad8-472b-9f0d-b95b91a7625f,사람인
[㈜오츠] IT 인프라 구축 및 백엔드 서비스개발자채용,(주)오츠,서울금천구 | 경력 | 학력무관 | 정규직,https://www.saramin.co.kr/zf_user/jobs/relay/view?view_type=search&rec_idx=53470976&location=ts&searchword=%EA%B0%9C%EB%B0%9C%EC%9E%90&searchType=search&paid_fl=n&search_uuid=3d831b79-1ad8-472b-9f0d-b95b91a7625f,사람인
기술연구소 RF팀개발자채용(경력),(주)더블웨이브,경기성남시 분당구 | 경력 3~10년 | 초대졸↑ | 정규직,https://www.saramin.co.kr/zf_user/jobs/relay/view?view_type=search&rec_idx=53470966&location=ts&searchword=%EA%B0%9C%EB%B0%9C%EC%9E%90&searchType=search&paid_fl=n&search_uuid=3d831b79-1ad8-472b-9f0d-b95b91a7625f,사람인
전기/전자 검사장비 제조기업 SW 개발 (AOI),(주)커리어케어,경기용인시 기흥구 | 경력 2~15년 | 대졸↑ | 정규직,https://www.saramin.co.kr/zf_user/jobs/relay/view?view_type=search&rec_idx=53470933&location=ts&searchword=%EA%B0%9C%EB%B0%9C%EC%9E%90&searchType=search&paid_fl=n&search_uuid=3d831b79-1ad8-472b-9f0d-b95b91a7625f,사람인
(주)에니트(서울연구소) 공개채용(솔루션 SW개발),(주)에니트,서울금천구 | 경력2년↑ | 대졸↑ | 정규직,https://www.saramin.co.kr/zf_user/jobs/relay/view?view_type=search&rec_idx=53470922&location=ts&searchword=%EA%B0%9C%EB%B0%9C%EC%9E%90&searchType=search&paid_fl=n&search_uuid=3d831b79-1ad8-472b-9f0d-b95b91a7625f,사람인
기술연구소 제어팀개발자채용(경력),(주)더블웨이브,경기성남시 분당구 | 경력 1~10년 | 초대졸↑ | 정규직,https://www.saramin.co.kr/zf_user/jobs/relay/view?view_type=search&rec_idx=53470920&location=ts&searchword=%EA%B0%9C%EB%B0%9C%EC%9E%90&searchType=search&paid_fl=n&search_uuid=3d831b79-1ad8-472b-9f0d-b95b91a7625f,사람인
[삼성 계열사 씨브이네트] F/W 경력개발자채용 (무선 솔루션),(주)씨브이네트,서울송파구 | 경력3년↑ | 학력무관 | 정규직,https://www.saramin.co.kr/zf_user/jobs/relay/view?view_type=search&rec_idx=53470892&location=ts&searchword=%EA%B0%9C%EB%B0%9C%EC%9E%90&searchType=search&paid_fl=n&search_uuid=3d831b79-1ad8-472b-9f0d-b95b91a7625f,사람인
사이버보안 솔루션개발자모집공고(신입/경력),(주)스마트엠투엠,부산해운대구 | 신입·경력 | 대졸↑ | 정규직,https://www.saramin.co.kr/zf_user/jobs/relay/view?view_type=search&rec_idx=53470757&location=ts&searchword=%EA%B0%9C%EB%B0%9C%EC%9E%90&searchType=search&paid_fl=n&search_uuid=3d831b79-1ad8-472b-9f0d-b95b91a7625f,사람인
"소프트웨어 테스트 엔지니어 채용 (판교/경력,신입)",(주)테스트이앤씨,경기성남시 분당구 | 경력무관 | 학력무관 | 정규직·계약직,https://www.saramin.co.kr/zf_user/jobs/relay/view?view_type=search&rec_idx=53470755&location=ts&searchword=%EA%B0%9C%EB%B0%9C%EC%9E%90&searchType=search&paid_fl=n&search_uuid=3d831b79-1ad8-472b-9f0d-b95b91a7625f,사람인
[WPF] 장비 제어 SW개발자채용,(주)아이엠티에스,경기용인시 기흥구 | 경력무관 | 학력무관 | 정규직,https://www.saramin.co.kr/zf_user/jobs/relay/view?view_type=search&rec_idx=53470732&location=ts&searchword=%EA%B0%9C%EB%B0%9C%EC%9E%90&searchType=search&paid_fl=n&search_uuid=3d831b79-1ad8-472b-9f0d-b95b91a7625f,사람인
"Software Engineer(C# WPF) - South Korea & Chennai, India",(주)아이엠티에스,경기용인시 기흥구 | 경력무관 | 초대졸↑ | 정규직,https://www.saramin.co.kr/zf_user/jobs/relay/view?view_type=search&rec_idx=53470719&location=ts&searchword=%EA%B0%9C%EB%B0%9C%EC%9E%90&searchType=search&paid_fl=n&search_uuid=3d831b79-1ad8-472b-9f0d-b95b91a7625f,사람인
"[솔로몬텍] SAP ABAP 개발 및 SD,PP 시스템 운영",(주)솔로몬텍,서울강남구 | 경력 3~15년 | 초대졸↑ | 정규직,https://www.saramin.co.kr/zf_user/jobs/relay/view?view_type=search&rec_idx=53470431&location=ts&searchword=%EA%B0%9C%EB%B0%9C%EC%9E%90&searchType=search&paid_fl=n&search_uuid=3d831b79-1ad8-472b-9f0d-b95b91a7625f,사람인
[AI개발자] 소프트웨어 엔지니어 (책임 연구원) 채용,(주)로봇웨어에이아이,대전유성구 | 경력3년↑ | 대졸↑ | 정규직,https://www.saramin.co.kr/zf_user/jobs/relay/view?view_type=search&rec_idx=53469980&location=ts&searchword=%EA%B0%9C%EB%B0%9C%EC%9E%90&searchType=search&paid_fl=n&search_uuid=3d831b79-1ad8-472b-9f0d-b95b91a7625f,사람인
의료용 레이저 er nd diode개발자를 모십니다,㈜휴레이저,서울금천구 | 경력5년↑ | 초대졸↑ | 정규직,https://www.saramin.co.kr/zf_user/jobs/relay/view?view_type=search&rec_idx=53469726&location=ts&searchword=%EA%B0%9C%EB%B0%9C%EC%9E%90&searchType=search&paid_fl=n&search_uuid=3d831b79-1ad8-472b-9f0d-b95b91a7625f,사람인
자동차부품 PCB 및 알고리즘 연구개발 경력자 모집,(주)에스비텍,"전북전주시 덕진구 | 경력3년↑ | 대졸↑ | 정규직 | 6,000 만원",https://www.saramin.co.kr/zf_user/jobs/relay/view?view_type=search&rec_idx=53469672&location=ts&searchword=%EA%B0%9C%EB%B0%9C%EC%9E%90&searchType=search&paid_fl=n&search_uuid=3d831b79-1ad8-472b-9f0d-b95b91a7625f,사람인
"코스닥 상장, 삼성동 위치 특수합금제조사 파이썬개발자대리급",한스컨설팅,"서울강남구 | 경력 5~10년 | 대졸↑ | 정규직 | 6,000 만원",https://www.saramin.co.kr/zf_user/jobs/relay/view?view_type=search&rec_idx=53469512&location=ts&searchword=%EA%B0%9C%EB%B0%9C%EC%9E%90&searchType=search&paid_fl=n&search_uuid=3d831b79-1ad8-472b-9f0d-b95b91a7625f,사람인
[소프트웨어공작소] 백앤드개발자채용,소프트웨어공작소,서울중구 | 경력 3~8년 | 대졸↑ | 정규직,https://www.saramin.co.kr/zf_user/jobs/relay/view?view_type=search&rec_idx=53469455&location=ts&searchword=%EA%B0%9C%EB%B0%9C%EC%9E%90&searchType=search&paid_fl=n&search_uuid=3d831b79-1ad8-472b-9f0d-b95b91a7625f,사람인
자동화 및 계측장비개발자모집,(주)인텍씨앤씨,"충북청주시 청원구 | 경력무관 | 학력무관 | 정규직 | 3,000 만원",https://www.saramin.co.kr/zf_user/jobs/relay/view?view_type=search&rec_idx=53469409&location=ts&searchword=%EA%B0%9C%EB%B0%9C%EC%9E%90&searchType=search&paid_fl=n&search_uuid=3d831b79-1ad8-472b-9f0d-b95b91a7625f,사람인
[데이빗의 영어회화] Product AI Engineer(재택 혼합) 4/6 마감,데이빗의영어회화,"서울마포구 | 경력 2~4년 | 학력무관 | 계약직 | 4,200 만원",https://www.saramin.co.kr/zf_user/jobs/relay/view?view_type=search&rec_idx=53469403&location=ts&searchword=%EA%B0%9C%EB%B0%9C%EC%9E%90&searchType=search&paid_fl=n&search_uuid=3d831b79-1ad8-472b-9f0d-b95b91a7625f,사람인
"[데이빗의 영어회화] AI Tech Lead(4~8년, 재택 혼합) 4/6 마감",데이빗의영어회화,"서울마포구 | 경력 4~8년 | 학력무관 | 계약직 | 6,500 만원",https://www.saramin.co.kr/zf_user/jobs/relay/view?view_type=search&rec_idx=53469397&location=ts&searchword=%EA%B0%9C%EB%B0%9C%EC%9E%90&searchType=search&paid_fl=n&search_uuid=3d831b79-1ad8-472b-9f0d-b95b91a7625f,사람인
민컴퍼니에서 SI 프리랜서개발자모셔요,민컴퍼니,서울마포구 | 경력 10~20년 | 초대졸↑ | 프리랜서,https://www.saramin.co.kr/zf_user/jobs/relay/view?view_type=search&rec_idx=53469392&location=ts&searchword=%EA%B0%9C%EB%B0%9C%EC%9E%90&searchType=search&paid_fl=n&search_uuid=3d831b79-1ad8-472b-9f0d-b95b91a7625f,사람인
의료 AI·디지털 헬스케어 소프트웨어개발자경력 채용 공고,골든브레인케어,부산부산진구 | 경력1년↑ | 학력무관 | 정규직·기간제,https://www.saramin.co.kr/zf_user/jobs/relay/view?view_type=search&rec_idx=53469141&location=ts&searchword=%EA%B0%9C%EB%B0%9C%EC%9E%90&searchType=search&paid_fl=n&search_uuid=3d831b79-1ad8-472b-9f0d-b95b91a7625f,사람인
중견 상장사 인공지능 로봇개발자경력(경기),프로페셔날핸즈인핸즈코리아(주),서울강남구 | 경력 1~10년 | 대졸↑ | 정규직,https://www.saramin.co.kr/zf_user/jobs/relay/view?view_type=search&rec_idx=53469098&location=ts&searchword=%EA%B0%9C%EB%B0%9C%EC%9E%90&searchType=search&paid_fl=n&search_uuid=3d831b79-1ad8-472b-9f0d-b95b91a7625f,사람인
웹개발자채용 - Global HR consulting,헌터파트너스(주),서울강남구 | 경력3년↑ | 대졸↑ | 정규직,https://www.saramin.co.kr/zf_user/jobs/relay/view?view_type=search&rec_idx=53469042&location=ts&searchword=%EA%B0%9C%EB%B0%9C%EC%9E%90&searchType=search&paid_fl=n&search_uuid=3d831b79-1ad8-472b-9f0d-b95b91a7625f,사람인
임베디드 비디오 솔루션개발자채용,파워에이치알,서울서초구 | 경력 5~10년 | 대졸↑ | 정규직,https://www.saramin.co.kr/zf_user/jobs/relay/view?view_type=search&rec_idx=53468976&location=ts&searchword=%EA%B0%9C%EB%B0%9C%EC%9E%90&searchType=search&paid_fl=n&search_uuid=e161b740-5a06-4d4f-bd1a-fb7062f7d4b2,사람인
AI 솔루션개발자채용,파워에이치알,서울서초구 | 경력 4~10년 | 대졸↑ | 정규직,https://www.saramin.co.kr/zf_user/jobs/relay/view?view_type=search&rec_idx=53468975&location=ts&searchword=%EA%B0%9C%EB%B0%9C%EC%9E%90&searchType=search&paid_fl=n&search_uuid=e161b740-5a06-4d4f-bd1a-fb7062f7d4b2,사람인
DVR 하드웨어개발자채용,파워에이치알,서울서초구 | 경력 3~10년 | 대졸↑ | 정규직,https://www.saramin.co.kr/zf_user/jobs/relay/view?view_type=search&rec_idx=53468974&location=ts&searchword=%EA%B0%9C%EB%B0%9C%EC%9E%90&searchType=search&paid_fl=n&search_uuid=e161b740-5a06-4d4f-bd1a-fb7062f7d4b2,사람인
티업엔조이 풀스택개발자채용 공고,(주)티업엔조이,"서울구로구 | 경력5년↑ | 대졸↑ | 정규직 | 5,000 만원",https://www.saramin.co.kr/zf_user/jobs/relay/view?view_type=search&rec_idx=53468844&location=ts&searchword=%EA%B0%9C%EB%B0%9C%EC%9E%90&searchType=search&paid_fl=n&search_uuid=e161b740-5a06-4d4f-bd1a-fb7062f7d4b2,사람인
[통신장비 기업] C언어/WiFi/임베디드리눅스개발자- 안양,주) 석세스코리아컨설팅,서울구로구 | 경력 3~15년 | 초대졸↑ | 정규직,https://www.saramin.co.kr/zf_user/jobs/relay/view?view_type=search&rec_idx=53468841&location=ts&searchword=%EA%B0%9C%EB%B0%9C%EC%9E%90&searchType=search&paid_fl=n&search_uuid=e161b740-5a06-4d4f-bd1a-fb7062f7d4b2,사람인
3D 레이저 프로파일러개발자를 찾고 있어요[재택가능],(주)제이팩토리,울산동구 | 경력무관 | 학력무관 | 정규직·계약직,https://www.saramin.co.kr/zf_user/jobs/relay/view?view_type=search&rec_idx=53468754&location=ts&searchword=%EA%B0%9C%EB%B0%9C%EC%9E%90&searchType=search&paid_fl=n&search_uuid=e161b740-5a06-4d4f-bd1a-fb7062f7d4b2,사람인
"풀스택개발자채용(React, React Native, Go, Spring Boot)",(주)엘핀,서울강서구 | 경력1년↑ | 고졸↑ | 정규직,https://www.saramin.co.kr/zf_user/jobs/relay/view?view_type=search&rec_idx=53467800&location=ts&searchword=%EA%B0%9C%EB%B0%9C%EC%9E%90&searchType=search&paid_fl=n&search_uuid=e161b740-5a06-4d4f-bd1a-fb7062f7d4b2,사람인
긴급ㅣICTㅣ플랫폼별 AI 기반 보안 솔루션개발자(주임-대리급),(주)베스트에치알 (Best HR),서울전체 | 경력3년↑ | 초대졸↑ | 정규직,https://www.saramin.co.kr/zf_user/jobs/relay/view?view_type=search&rec_idx=53467666&location=ts&searchword=%EA%B0%9C%EB%B0%9C%EC%9E%90&searchType=search&paid_fl=n&search_uuid=e161b740-5a06-4d4f-bd1a-fb7062f7d4b2,사람인
ㅣICTㅣAI용 On-Device 소프트웨어개발자(과장-차장급),(주)베스트에치알 (Best HR),서울전체 | 경력7년↑ | 초대졸↑ | 정규직,https://www.saramin.co.kr/zf_user/jobs/relay/view?view_type=search&rec_idx=53467663&location=ts&searchword=%EA%B0%9C%EB%B0%9C%EC%9E%90&searchType=search&paid_fl=n&search_uuid=e161b740-5a06-4d4f-bd1a-fb7062f7d4b2,사람인
ㅣICTㅣAI/ML 모델 연구/개발자(주임-대리급),(주)베스트에치알 (Best HR),서울전체 | 경력3년↑ | 석사↑ | 정규직,https://www.saramin.co.kr/zf_user/jobs/relay/view?view_type=search&rec_idx=53467661&location=ts&searchword=%EA%B0%9C%EB%B0%9C%EC%9E%90&searchType=search&paid_fl=n&search_uuid=e161b740-5a06-4d4f-bd1a-fb7062f7d4b2,사람인
(주)유니버셜리프트앤히타치코리아 AI 엔지니어 채용,(주)유니버셜리프트앤히타치코리아,경기광주시 | 경력무관 | 학력무관 | 정규직·계약직,https://www.saramin.co.kr/zf_user/jobs/relay/view?view_type=search&rec_idx=53467605&location=ts&searchword=%EA%B0%9C%EB%B0%9C%EC%9E%90&searchType=search&paid_fl=n&search_uuid=e161b740-5a06-4d4f-bd1a-fb7062f7d4b2,사람인
모션인식 모바일 앱개발자,(주)제트플레이,서울마포구 | 경력3년↑ | 학력무관 | 정규직,https://www.saramin.co.kr/zf_user/jobs/relay/view?view_type=search&rec_idx=53467559&location=ts&searchword=%EA%B0%9C%EB%B0%9C%EC%9E%90&searchType=search&paid_fl=n&search_uuid=e161b740-5a06-4d4f-bd1a-fb7062f7d4b2,사람인
제이크이엔엠(주) IT 개발 영업 파트너를 모십니다,제이크이엔엠(주),서울송파구 | 경력무관 | 학력무관 | 프리랜서,https://www.saramin.co.kr/zf_user/jobs/relay/view?view_type=search&rec_idx=53467501&location=ts&searchword=%EA%B0%9C%EB%B0%9C%EC%9E%90&searchType=search&paid_fl=n&search_uuid=e161b740-5a06-4d4f-bd1a-fb7062f7d4b2,사람인
머신 비전 및 산업용 로봇 제어개발자모집,극동시스템,경남김해시 | 경력5년↑ | 학력무관 | 정규직·프리랜서,https://www.saramin.co.kr/zf_user/jobs/relay/view?view_type=search&rec_idx=53467465&location=ts&searchword=%EA%B0%9C%EB%B0%9C%EC%9E%90&searchType=search&paid_fl=n&search_uuid=e161b740-5a06-4d4f-bd1a-fb7062f7d4b2,사람인
React  개발-판교,메가소프트(주),경기성남시 분당구 | 경력 3~10년 | 초대졸↑ | 프리랜서,https://www.saramin.co.kr/zf_user/jobs/relay/view?view_type=search&rec_idx=53467416&location=ts&searchword=%EA%B0%9C%EB%B0%9C%EC%9E%90&searchType=search&paid_fl=n&search_uuid=e161b740-5a06-4d4f-bd1a-fb7062f7d4b2,사람인
"[양재,강남]H사 백엔드개발자모집(4월투입/6개월이상근무)",(주)이노스트,서울서초구 | 경력5년↑ | 학력무관 | 프리랜서,https://www.saramin.co.kr/zf_user/jobs/relay/view?view_type=search&rec_idx=53467343&location=ts&searchword=%EA%B0%9C%EB%B0%9C%EC%9E%90&searchType=search&paid_fl=n&search_uuid=e161b740-5a06-4d4f-bd1a-fb7062f7d4b2,사람인
[반도체 후공정 중견기업] 반도체 RF Test 엔지니어 (5-14년),에이치알포유(주),서울금천구 | 경력 5~14년 | 대졸↑ | 정규직,https://www.saramin.co.kr/zf_user/jobs/relay/view?view_type=search&rec_idx=53467303&location=ts&searchword=%EA%B0%9C%EB%B0%9C%EC%9E%90&searchType=search&paid_fl=n&search_uuid=e161b740-5a06-4d4f-bd1a-fb7062f7d4b2,사람인
[코스피 상장 IT서비스 중견기업] 증권사 HTS 개발/운영(5~10년),에이치알포유(주),서울마포구 | 경력 5~12년 | 대졸↑ | 정규직,https://www.saramin.co.kr/zf_user/jobs/relay/view?view_type=search&rec_idx=53467253&location=ts&searchword=%EA%B0%9C%EB%B0%9C%EC%9E%90&searchType=search&paid_fl=n&search_uuid=e161b740-5a06-4d4f-bd1a-fb7062f7d4b2,사람인
[코스피 상장 IT서비스 중견기업] 증권사 MTS 앱/솔루션 개발,에이치알포유(주),서울마포구 | 경력 5~12년 | 대졸↑ | 정규직,https://www.saramin.co.kr/zf_user/jobs/relay/view?view_type=search&rec_idx=53467251&location=ts&searchword=%EA%B0%9C%EB%B0%9C%EC%9E%90&searchType=search&paid_fl=n&search_uuid=e161b740-5a06-4d4f-bd1a-fb7062f7d4b2,사람인
"[Hi:us]수소연료전지 모델링,HILs 제어개발 연구원 채용",(주)하이어스,"울산남구 | 신입·경력 | 대졸↑ | 정규직 | 3,600 만원",https://www.saramin.co.kr/zf_user/jobs/relay/view?view_type=search&rec_idx=53467219&location=ts&searchword=%EA%B0%9C%EB%B0%9C%EC%9E%90&searchType=search&paid_fl=n&search_uuid=e161b740-5a06-4d4f-bd1a-fb7062f7d4b2,사람인
[코스피 상장 IT서비스 중견기업] 증권사 웹/WTS 개발 (5~12년),에이치알포유(주),서울마포구 | 경력 5~12년 | 대졸↑ | 정규직,https://www.saramin.co.kr/zf_user/jobs/relay/view?view_type=search&rec_idx=53467207&location=ts&searchword=%EA%B0%9C%EB%B0%9C%EC%9E%90&searchType=search&paid_fl=n&search_uuid=e161b740-5a06-4d4f-bd1a-fb7062f7d4b2,사람인
[세계최고 탐지레이더기업] 웹 풀스택 개발 / 10년이상 (판교),(주)스카우트,"경기성남시 분당구 | 경력20년↓ | 학력무관 | 정규직 | 12,000 만원",https://www.saramin.co.kr/zf_user/jobs/relay/view?view_type=search&rec_idx=53467025&location=ts&searchword=%EA%B0%9C%EB%B0%9C%EC%9E%90&searchType=search&paid_fl=n&search_uuid=e161b740-5a06-4d4f-bd1a-fb7062f7d4b2,사람인
++블록체인 글로벌 기업++ 메인넷 개발,(주)백그라운드,서울강남구 | 경력 3~8년 | 초대졸↑ | 정규직,https://www.saramin.co.kr/zf_user/jobs/relay/view?view_type=search&rec_idx=53467018&location=ts&searchword=%EA%B0%9C%EB%B0%9C%EC%9E%90&searchType=search&paid_fl=n&search_uuid=e161b740-5a06-4d4f-bd1a-fb7062f7d4b2,사람인
네트워크 제품 SW개발자,주) 석세스코리아컨설팅,경기성남시 분당구 | 경력7년↑ | 대졸↑ | 정규직,https://www.saramin.co.kr/zf_user/jobs/relay/view?view_type=search&rec_idx=53467016&location=ts&searchword=%EA%B0%9C%EB%B0%9C%EC%9E%90&searchType=search&paid_fl=n&search_uuid=e161b740-5a06-4d4f-bd1a-fb7062f7d4b2,사람인
[대기업 계열사 통신장비 제조기업] 통신장비/중계기 SW개발팀장,에이치알포유(주),경기안양시 만안구 | 경력 10~20년 | 대졸↑ | 정규직,https://www.saramin.co.kr/zf_user/jobs/relay/view?view_type=search&rec_idx=53466854&location=ts&searchword=%EA%B0%9C%EB%B0%9C%EC%9E%90&searchType=search&paid_fl=n&search_uuid=e161b740-5a06-4d4f-bd1a-fb7062f7d4b2,사람인
[대기업 계열사 통신장비 제조기업] 펌웨어(F/W) 개발 팀장급,에이치알포유(주),경기안양시 만안구 | 경력16년↑ | 대졸↑ | 정규직,https://www.saramin.co.kr/zf_user/jobs/relay/view?view_type=search&rec_idx=53466844&location=ts&searchword=%EA%B0%9C%EB%B0%9C%EC%9E%90&searchType=search&paid_fl=n&search_uuid=e161b740-5a06-4d4f-bd1a-fb7062f7d4b2,사람인
[대기업 계열사 통신장비 제조기업] 중계기 시스템 개발(팀장급),에이치알포유(주),경기안양시 만안구 | 경력 10~20년 | 초대졸↑ | 정규직,https://www.saramin.co.kr/zf_user/jobs/relay/view?view_type=search&rec_idx=53466798&location=ts&searchword=%EA%B0%9C%EB%B0%9C%EC%9E%90&searchType=search&paid_fl=n&search_uuid=e161b740-5a06-4d4f-bd1a-fb7062f7d4b2,사람인
[대기업 계열사 통신장비 제조기업] 펌웨어(F/W) 개발 팀원급,에이치알포유(주),경기안양시 만안구 | 경력 5~16년 | 대졸↑ | 정규직,https://www.saramin.co.kr/zf_user/jobs/relay/view?view_type=search&rec_idx=53466757&location=ts&searchword=%EA%B0%9C%EB%B0%9C%EC%9E%90&searchType=search&paid_fl=n&search_uuid=e161b740-5a06-4d4f-bd1a-fb7062f7d4b2,사람인
[아이템베이]개발자(SM) 채용 경력 5~9년,(주)아이템베이,서울양천구 | 경력 5~9년 | 고졸↑ | 정규직,https://www.saramin.co.kr/zf_user/jobs/relay/view?view_type=search&rec_idx=53466718&location=ts&searchword=%EA%B0%9C%EB%B0%9C%EC%9E%90&searchType=search&paid_fl=n&search_uuid=e161b740-5a06-4d4f-bd1a-fb7062f7d4b2,사람인
[아이템베이]개발자(프론트엔드) 채용 경력 5년이상,(주)아이템베이,서울양천구 | 경력 5~10년 | 고졸↑ | 정규직,https://www.saramin.co.kr/zf_user/jobs/relay/view?view_type=search&rec_idx=53466716&location=ts&searchword=%EA%B0%9C%EB%B0%9C%EC%9E%90&searchType=search&paid_fl=n&search_uuid=e161b740-5a06-4d4f-bd1a-fb7062f7d4b2,사람인
"원전) 시스템 엔지니어, SMR제어기 경력직",(주)HR컨설팅그룹,서울마포구 | 경력 | 대졸↑ | 정규직,https://www.saramin.co.kr/zf_user/jobs/relay/view?view_type=search&rec_idx=53466672&location=ts&searchword=%EA%B0%9C%EB%B0%9C%EC%9E%90&searchType=search&paid_fl=n&search_uuid=e161b740-5a06-4d4f-bd1a-fb7062f7d4b2,사람인
[중견 IT솔루션] Java개발자(경력 5년 - 15년),파워에이치알,서울영등포구 | 경력 5~15년 | 대졸↑ | 정규직,https://www.saramin.co.kr/zf_user/jobs/relay/view?view_type=search&rec_idx=53466537&location=ts&searchword=%EA%B0%9C%EB%B0%9C%EC%9E%90&searchType=search&paid_fl=n&search_uuid=e161b740-5a06-4d4f-bd1a-fb7062f7d4b2,사람인
[중견 IT솔루션] Windows 클라이언트 에이전트개발자,파워에이치알,서울영등포구 | 경력 5~10년 | 대졸↑ | 정규직,https://www.saramin.co.kr/zf_user/jobs/relay/view?view_type=search&rec_idx=53466535&location=ts&searchword=%EA%B0%9C%EB%B0%9C%EC%9E%90&searchType=search&paid_fl=n&search_uuid=e161b740-5a06-4d4f-bd1a-fb7062f7d4b2,사람인
[제약대기업 계열사 IT솔루션기업] Salesforce 개발 팀장급,(주)맨토스파워,서울마포구 | 경력7년↑ | 학력무관 | 정규직,https://www.saramin.co.kr/zf_user/jobs/relay/view?view_type=search&rec_idx=53466466&location=ts&searchword=%EA%B0%9C%EB%B0%9C%EC%9E%90&searchType=search&paid_fl=n&search_uuid=e161b740-5a06-4d4f-bd1a-fb7062f7d4b2,사람인
[글로벌 레이더 기술 선도 기업] 웹 풀스택개발자,(주)피플렙,경기성남시 분당구 | 경력10년↑ | 대졸↑ | 정규직,https://www.saramin.co.kr/zf_user/jobs/relay/view?view_type=search&rec_idx=53466440&location=ts&searchword=%EA%B0%9C%EB%B0%9C%EC%9E%90&searchType=search&paid_fl=n&search_uuid=e161b740-5a06-4d4f-bd1a-fb7062f7d4b2,사람인
[주식회사 딜리트] 프론트개발자모집(신입&경력),딜리트,"경기용인시 기흥구 | 경력무관 | 학력무관 | 정규직 | 3,200 만원",https://www.saramin.co.kr/zf_user/jobs/relay/view?view_type=search&rec_idx=53466419&location=ts&searchword=%EA%B0%9C%EB%B0%9C%EC%9E%90&searchType=search&paid_fl=n&search_uuid=50199613-93ba-44a9-902c-80302cb57491,사람인
[주식회사 딜리트] 백엔드개발자모집(신입&경력),딜리트,"경기용인시 기흥구 | 경력무관 | 학력무관 | 정규직 | 3,200 만원",https://www.saramin.co.kr/zf_user/jobs/relay/view?view_type=search&rec_idx=53466418&location=ts&searchword=%EA%B0%9C%EB%B0%9C%EC%9E%90&searchType=search&paid_fl=n&search_uuid=50199613-93ba-44a9-902c-80302cb57491,사람인
신입개발자모집,(주)미디소프트,"서울구로구 | 신입 | 초대졸↑ | 정규직 | 2,800 만원",https://www.saramin.co.kr/zf_user/jobs/relay/view?view_type=search&rec_idx=53466222&location=ts&searchword=%EA%B0%9C%EB%B0%9C%EC%9E%90&searchType=search&paid_fl=n&search_uuid=50199613-93ba-44a9-902c-80302cb57491,사람인
AI Agent 활용 웹(WEB) 풀스택개발자모집,(주)모빌리티지,"광주북구 | 신입·경력 | 대졸↑ | 정규직 | 3,204 만원",https://www.saramin.co.kr/zf_user/jobs/relay/view?view_type=search&rec_idx=53464806&location=ts&searchword=%EA%B0%9C%EB%B0%9C%EC%9E%90&searchType=search&paid_fl=n&search_uuid=50199613-93ba-44a9-902c-80302cb57491,사람인
민컴퍼니에서 00은행 재산관리 시스템 재구축개발자를 찾고 있어요,민컴퍼니,서울중구 | 경력10년↑ | 초대졸↑ | 프리랜서,https://www.saramin.co.kr/zf_user/jobs/relay/view?view_type=search&rec_idx=53463703&location=ts&searchword=%EA%B0%9C%EB%B0%9C%EC%9E%90&searchType=search&paid_fl=n&search_uuid=50199613-93ba-44a9-902c-80302cb57491,사람인
엠케이시스템에서 공기업 Java개발자함께해요,엠케이시스템,경남진주시 | 경력 3~9년 | 학력무관 | 프리랜서,https://www.saramin.co.kr/zf_user/jobs/relay/view?view_type=search&rec_idx=53463337&location=ts&searchword=%EA%B0%9C%EB%B0%9C%EC%9E%90&searchType=search&paid_fl=n&search_uuid=50199613-93ba-44a9-902c-80302cb57491,사람인
엠케이시스템 프리랜서개발자,엠케이시스템,서울금천구 | 경력 1~20년 | 초대졸↑ | 정규직·계약직,https://www.saramin.co.kr/zf_user/jobs/relay/view?view_type=search&rec_idx=53463333&location=ts&searchword=%EA%B0%9C%EB%B0%9C%EC%9E%90&searchType=search&paid_fl=n&search_uuid=50199613-93ba-44a9-902c-80302cb57491,사람인
java프리랜서개발자모집,민컴퍼니,서울금천구 | 경력2년↑ | 초대졸↑ | 프리랜서,https://www.saramin.co.kr/zf_user/jobs/relay/view?view_type=search&rec_idx=53463326&location=ts&searchword=%EA%B0%9C%EB%B0%9C%EC%9E%90&searchType=search&paid_fl=n&search_uuid=50199613-93ba-44a9-902c-80302cb57491,사람인
Founder Track Intern (AI-Native Product Engineer),(주)탄소중립연구원,서울용산구 | 경력2년↑ | 학력무관 | 정규직·계약직,https://www.saramin.co.kr/zf_user/jobs/relay/view?view_type=search&rec_idx=53463268&location=ts&searchword=%EA%B0%9C%EB%B0%9C%EC%9E%90&searchType=search&paid_fl=n&search_uuid=50199613-93ba-44a9-902c-80302cb57491,사람인
(주)씨지인사이드 AI개발자채용 안내,(주)씨지인사이드,서울마포구 | 경력2년↑ | 대졸↑ | 정규직,https://www.saramin.co.kr/zf_user/jobs/relay/view?view_type=search&rec_idx=53463187&location=ts&searchword=%EA%B0%9C%EB%B0%9C%EC%9E%90&searchType=search&paid_fl=n&search_uuid=50199613-93ba-44a9-902c-80302cb57491,사람인
웹 풀스택개발자,주식회사본레이크,서울노원구 | 경력무관 | 초대졸↑ | 정규직,https://www.saramin.co.kr/zf_user/jobs/relay/view?view_type=search&rec_idx=53463151&location=ts&searchword=%EA%B0%9C%EB%B0%9C%EC%9E%90&searchType=search&paid_fl=n&search_uuid=50199613-93ba-44a9-902c-80302cb57491,사람인
AI기반 디지털 교육콘텐츠 실무인재 과정 모집-서울매력일자리,(사)한국에이치알디기업협회,서울영등포구 | 경력무관 | 학력무관 | 정규직·계약직 | 253 만원,https://www.saramin.co.kr/zf_user/jobs/relay/view?view_type=search&rec_idx=53463145&location=ts&searchword=%EA%B0%9C%EB%B0%9C%EC%9E%90&searchType=search&paid_fl=n&search_uuid=50199613-93ba-44a9-902c-80302cb57491,사람인
RF 시스템 엔지니어,주식회사본레이크,서울노원구 | 경력무관 | 초대졸↑ | 정규직,https://www.saramin.co.kr/zf_user/jobs/relay/view?view_type=search&rec_idx=53463099&location=ts&searchword=%EA%B0%9C%EB%B0%9C%EC%9E%90&searchType=search&paid_fl=n&search_uuid=50199613-93ba-44a9-902c-80302cb57491,사람인
[경력] 프론트엔드개발자,(주)프리그로우,부산동구 | 경력 3~10년 | 학력무관 | 정규직,https://www.saramin.co.kr/zf_user/jobs/relay/view?view_type=search&rec_idx=53462896&location=ts&searchword=%EA%B0%9C%EB%B0%9C%EC%9E%90&searchType=search&paid_fl=n&search_uuid=50199613-93ba-44a9-902c-80302cb57491,사람인
PACS S/W 엔지니어 모집(대구지사) -개발자X,(주)메디칼스탠다드,대구동구 | 신입·경력 | 학력무관 | 정규직,https://www.saramin.co.kr/zf_user/jobs/relay/view?view_type=search&rec_idx=53462767&location=ts&searchword=%EA%B0%9C%EB%B0%9C%EC%9E%90&searchType=search&paid_fl=n&search_uuid=50199613-93ba-44a9-902c-80302cb57491,사람인
"PACS S/W 엔지니어 모집(대전, 오송지사) -개발자X",(주)메디칼스탠다드,충북청주시 흥덕구 | 신입·경력 | 학력무관 | 정규직,https://www.saramin.co.kr/zf_user/jobs/relay/view?view_type=search&rec_idx=53462762&location=ts&searchword=%EA%B0%9C%EB%B0%9C%EC%9E%90&searchType=search&paid_fl=n&search_uuid=50199613-93ba-44a9-902c-80302cb57491,사람인
PACS S/W 엔지니어 모집(서울본사) -개발자X,(주)메디칼스탠다드,서울송파구 | 신입·경력 | 학력무관 | 정규직,https://www.saramin.co.kr/zf_user/jobs/relay/view?view_type=search&rec_idx=53462760&location=ts&searchword=%EA%B0%9C%EB%B0%9C%EC%9E%90&searchType=search&paid_fl=n&search_uuid=50199613-93ba-44a9-902c-80302cb57491,사람인
System S/W개발자(PLC 제어) 경력 채용,인티맥스(주),경기성남시 분당구 | 경력8년↑ | 초대졸↑ | 정규직,https://www.saramin.co.kr/zf_user/jobs/relay/view?view_type=search&rec_idx=53462752&location=ts&searchword=%EA%B0%9C%EB%B0%9C%EC%9E%90&searchType=search&paid_fl=n&search_uuid=50199613-93ba-44a9-902c-80302cb57491,사람인
Windows C++ 고성능 멀티 카메라 영상 처리 시스템개발자채용,(주)엔클로니,서울구로구 | 경력 5~15년 | 대졸↑ | 정규직,https://www.saramin.co.kr/zf_user/jobs/relay/view?view_type=search&rec_idx=53462735&location=ts&searchword=%EA%B0%9C%EB%B0%9C%EC%9E%90&searchType=search&paid_fl=n&search_uuid=50199613-93ba-44a9-902c-80302cb57491,사람인
"[정규직] 응용프로그램개발자신입, 경력자(파워빌더 1년이상)",㈜세일코리아넷,서울영등포구 | 경력무관 | 초대졸↑ | 정규직,https://www.saramin.co.kr/zf_user/jobs/relay/view?view_type=search&rec_idx=53462605&location=ts&searchword=%EA%B0%9C%EB%B0%9C%EC%9E%90&searchType=search&paid_fl=n&search_uuid=50199613-93ba-44a9-902c-80302cb57491,사람인
[국내 중견 그룹사 소속 방산기업] 펌웨어(FW)개발자채용,(주)더라이징스타헤딩,대전유성구 | 경력 1~14년 | 대졸↑ | 정규직,https://www.saramin.co.kr/zf_user/jobs/relay/view?view_type=search&rec_idx=53462557&location=ts&searchword=%EA%B0%9C%EB%B0%9C%EC%9E%90&searchType=search&paid_fl=n&search_uuid=50199613-93ba-44a9-902c-80302cb57491,사람인
풀스택 웹개발자모집 / 경력직,(주)비트컴퓨터,서울서초구 | 경력 4~10년 | 대졸↑ | 정규직,https://www.saramin.co.kr/zf_user/jobs/relay/view?view_type=search&rec_idx=53462503&location=ts&searchword=%EA%B0%9C%EB%B0%9C%EC%9E%90&searchType=search&paid_fl=n&search_uuid=50199613-93ba-44a9-902c-80302cb57491,사람인
Artova 및 신규 AI 서비스 기획자,퍼스트브레인INT,서울강남구 | 경력3년↑ | 학력무관 | 정규직,https://www.saramin.co.kr/zf_user/jobs/relay/view?view_type=search&rec_idx=53462069&location=ts&searchword=%EA%B0%9C%EB%B0%9C%EC%9E%90&searchType=search&paid_fl=n&search_uuid=50199613-93ba-44a9-902c-80302cb57491,사람인
"Wanted: AI 에이전트 백엔드개발자( RAG, 벡터DB 구축 )",퍼스트브레인INT,서울강남구 | 경력3년↑ | 학력무관 | 정규직,https://www.saramin.co.kr/zf_user/jobs/relay/view?view_type=search&rec_idx=53462063&location=ts&searchword=%EA%B0%9C%EB%B0%9C%EC%9E%90&searchType=search&paid_fl=n&search_uuid=50199613-93ba-44a9-902c-80302cb57491,사람인
[외국계/게임사]게임 QA 모집,유한책임회사앤서스랩코리아,서울강남구 | 경력4년↑ | 학력무관 | 정규직,https://www.saramin.co.kr/zf_user/jobs/relay/view?view_type=search&rec_idx=53461997&location=ts&searchword=%EA%B0%9C%EB%B0%9C%EC%9E%90&searchType=search&paid_fl=n&search_uuid=50199613-93ba-44a9-902c-80302cb57491,사람인
[외국계/게임사]게임개발자모집(Developer),유한책임회사앤서스랩코리아,서울강남구 | 경력5년↑ | 학력무관 | 정규직,https://www.saramin.co.kr/zf_user/jobs/relay/view?view_type=search&rec_idx=53461977&location=ts&searchword=%EA%B0%9C%EB%B0%9C%EC%9E%90&searchType=search&paid_fl=n&search_uuid=50199613-93ba-44a9-902c-80302cb57491,사람인
"(주)휴이엠컴퍼니, 백엔드개발자모집 (경력/주35시간 근무)",(주)휴이엠컴퍼니,경기부천시 | 경력2년↑ | 대졸↑ | 정규직·계약직,https://www.saramin.co.kr/zf_user/jobs/relay/view?view_type=search&rec_idx=53461944&location=ts&searchword=%EA%B0%9C%EB%B0%9C%EC%9E%90&searchType=search&paid_fl=n&search_uuid=50199613-93ba-44a9-902c-80302cb57491,사람인
"(주)휴이엠컴퍼니, 웹풀스택 모집 (경력/주35시간 근무)",(주)휴이엠컴퍼니,경기부천시 | 경력2년↑ | 대졸↑ | 정규직·계약직,https://www.saramin.co.kr/zf_user/jobs/relay/view?view_type=search&rec_idx=53461943&location=ts&searchword=%EA%B0%9C%EB%B0%9C%EC%9E%90&searchType=search&paid_fl=n&search_uuid=50199613-93ba-44a9-902c-80302cb57491,사람인
청담동 위치 뷰티 AI솔루션기업 안드로이드개발자대리-과장급,한스컨설팅,"서울강남구 | 경력 5~12년 | 대졸↑ | 정규직 | 6,000 만원",https://www.saramin.co.kr/zf_user/jobs/relay/view?view_type=search&rec_idx=53461922&location=ts&searchword=%EA%B0%9C%EB%B0%9C%EC%9E%90&searchType=search&paid_fl=n&search_uuid=50199613-93ba-44a9-902c-80302cb57491,사람인
"[부산] 응용프로그램개발자(C#, Web, MES) 3년이상 경력자 모집",(주)코리아소프트,부산사상구 | 경력 3~6년 | 학력무관 | 정규직,https://www.saramin.co.kr/zf_user/jobs/relay/view?view_type=search&rec_idx=53461866&location=ts&searchword=%EA%B0%9C%EB%B0%9C%EC%9E%90&searchType=search&paid_fl=n&search_uuid=50199613-93ba-44a9-902c-80302cb57491,사람인
(경력) IT개발자모집,(주)이츠인,경기과천시 | 경력 | 대졸↑ | 정규직,https://www.saramin.co.kr/zf_user/jobs/relay/view?view_type=search&rec_idx=53461774&location=ts&searchword=%EA%B0%9C%EB%B0%9C%EC%9E%90&searchType=search&paid_fl=n&search_uuid=c803e3a5-6c25-41b7-8b93-a06b2986c98c,사람인
"CX본부 인프라 엔지니어 (DevOps, VDI 구축)",㈜아이엔소프트,서울영등포구 | 경력6년↑ | 대졸↑ | 정규직,https://www.saramin.co.kr/zf_user/jobs/relay/view?view_type=search&rec_idx=53461744&location=ts&searchword=%EA%B0%9C%EB%B0%9C%EC%9E%90&searchType=search&paid_fl=n&search_uuid=c803e3a5-6c25-41b7-8b93-a06b2986c98c,사람인
[대용산업] 기업부설연구소 연구원(개발자) 팀원 모집,대용산업,경기시흥시 | 경력무관 | 대졸↑ | 정규직,https://www.saramin.co.kr/zf_user/jobs/relay/view?view_type=search&rec_idx=53461728&location=ts&searchword=%EA%B0%9C%EB%B0%9C%EC%9E%90&searchType=search&paid_fl=n&search_uuid=c803e3a5-6c25-41b7-8b93-a06b2986c98c,사람인
[리비바이오] 프론트엔드개발 산업기능요원,(주)리비바이오,서울강남구 | 경력무관 | 학력무관 | 산업기능요원·보충역,https://www.saramin.co.kr/zf_user/jobs/relay/view?view_type=search&rec_idx=53461714&location=ts&searchword=%EA%B0%9C%EB%B0%9C%EC%9E%90&searchType=search&paid_fl=n&search_uuid=c803e3a5-6c25-41b7-8b93-a06b2986c98c,사람인
글로벌 서비스 풀스택 웹개발자,(주)세나테크놀로지,서울강남구 | 경력 2~5년 | 대졸↑ | 정규직,https://www.saramin.co.kr/zf_user/jobs/relay/view?view_type=search&rec_idx=53461702&location=ts&searchword=%EA%B0%9C%EB%B0%9C%EC%9E%90&searchType=search&paid_fl=n&search_uuid=c803e3a5-6c25-41b7-8b93-a06b2986c98c,사람인
한림대학교부속춘천성심병원 인공지능개발자모집,한림대학교부속춘천성심병원,"강원춘천시 | 경력무관 | 석사↑ | 기간제·무기계약직 | 4,000 만원",https://www.saramin.co.kr/zf_user/jobs/relay/view?view_type=search&rec_idx=53461550&location=ts&searchword=%EA%B0%9C%EB%B0%9C%EC%9E%90&searchType=search&paid_fl=n&search_uuid=c803e3a5-6c25-41b7-8b93-a06b2986c98c,사람인
"백엔드개발자(CI/CD Pipeline 설계, 관리)",(주)스카우트플랜,서울강남구 | 경력 7~10년 | 대졸↑ | 정규직,https://www.saramin.co.kr/zf_user/jobs/relay/view?view_type=search&rec_idx=53461548&location=ts&searchword=%EA%B0%9C%EB%B0%9C%EC%9E%90&searchType=search&paid_fl=n&search_uuid=c803e3a5-6c25-41b7-8b93-a06b2986c98c,사람인
프론엔드개발자[웹 앱 / 네이티브(Windows) 앱 개발 필수],(주)스카우트플랜,서울강남구 | 경력 5~10년 | 대졸↑ | 정규직,https://www.saramin.co.kr/zf_user/jobs/relay/view?view_type=search&rec_idx=53461522&location=ts&searchword=%EA%B0%9C%EB%B0%9C%EC%9E%90&searchType=search&paid_fl=n&search_uuid=c803e3a5-6c25-41b7-8b93-a06b2986c98c,사람인
다트/어퍼하우스 백엔드개발자채용,다트쉐어링(주),"서울강남구 | 경력3년↑ | 대졸↑ | 정규직 | 5,000 만원",https://www.saramin.co.kr/zf_user/jobs/relay/view?view_type=search&rec_idx=53461468&location=ts&searchword=%EA%B0%9C%EB%B0%9C%EC%9E%90&searchType=search&paid_fl=n&search_uuid=c803e3a5-6c25-41b7-8b93-a06b2986c98c,사람인
[이테크시스템] AI Agent개발자(RAG & LLM 전문가),(주)이테크시스템,서울중구 | 경력3년↑ | 대졸↑ | 정규직,https://www.saramin.co.kr/zf_user/jobs/relay/view?view_type=search&rec_idx=53461438&location=ts&searchword=%EA%B0%9C%EB%B0%9C%EC%9E%90&searchType=search&paid_fl=n&search_uuid=c803e3a5-6c25-41b7-8b93-a06b2986c98c,사람인
[대기업계열/판교]백엔드개발,(주)유비소시어스,경기성남시 분당구 | 경력5년↑ | 초대졸↑ | 정규직,https://www.saramin.co.kr/zf_user/jobs/relay/view?view_type=search&rec_idx=53461405&location=ts&searchword=%EA%B0%9C%EB%B0%9C%EC%9E%90&searchType=search&paid_fl=n&search_uuid=c803e3a5-6c25-41b7-8b93-a06b2986c98c,사람인
[삼성SDI 헝가리 법인] 데이터베이스 담당자 정규직 채용,스탭스(주),유럽헝가리 | 경력무관 | 대졸↑ | 정규직,https://www.saramin.co.kr/zf_user/jobs/relay/view?view_type=search&rec_idx=53461387&location=ts&searchword=%EA%B0%9C%EB%B0%9C%EC%9E%90&searchType=search&paid_fl=n&search_uuid=c803e3a5-6c25-41b7-8b93-a06b2986c98c,사람인
오토모티브 & 모바일 카메라 화질튜닝 엔지니어 채용(경력),(주)브라이센코리아,경기수원시 팔달구 | 경력5년↑ | 초대졸↑ | 정규직,https://www.saramin.co.kr/zf_user/jobs/relay/view?view_type=search&rec_idx=53461287&location=ts&searchword=%EA%B0%9C%EB%B0%9C%EC%9E%90&searchType=search&paid_fl=n&search_uuid=c803e3a5-6c25-41b7-8b93-a06b2986c98c,사람인
전자문서시스템 고도화 java개발자,(주)이라희,서울중구 | 경력10년↑ | 학력무관 | 정규직·계약직 | 650 만원,https://www.saramin.co.kr/zf_user/jobs/relay/view?view_type=search&rec_idx=53461217&location=ts&searchword=%EA%B0%9C%EB%B0%9C%EC%9E%90&searchType=search&paid_fl=n&search_uuid=c803e3a5-6c25-41b7-8b93-a06b2986c98c,사람인
Backend개발자채용,(주)휴맥스네트웍스,경기성남시 분당구 | 경력 10~20년 | 초대졸↑ | 정규직,https://www.saramin.co.kr/zf_user/jobs/relay/view?view_type=search&rec_idx=53461186&location=ts&searchword=%EA%B0%9C%EB%B0%9C%EC%9E%90&searchType=search&paid_fl=n&search_uuid=c803e3a5-6c25-41b7-8b93-a06b2986c98c,사람인
보안기술전문가(팀장급),(주)프로써치코리아,"경기성남시 분당구 | 경력 8~15년 | 대졸↑ | 정규직 | 9,000 만원",https://www.saramin.co.kr/zf_user/jobs/relay/view?view_type=search&rec_idx=53461153&location=ts&searchword=%EA%B0%9C%EB%B0%9C%EC%9E%90&searchType=search&paid_fl=n&search_uuid=c803e3a5-6c25-41b7-8b93-a06b2986c98c,사람인
"[경력] 하드웨어개발자채용 (MCU/DSP, 전원회로 설계)",(주)원방하이테크,경기안양시 동안구 | 경력5년↑ | 대졸↑ | 정규직,https://www.saramin.co.kr/zf_user/jobs/relay/view?view_type=search&rec_idx=53461073&location=ts&searchword=%EA%B0%9C%EB%B0%9C%EC%9E%90&searchType=search&paid_fl=n&search_uuid=c803e3a5-6c25-41b7-8b93-a06b2986c98c,사람인
데이터베이스 실시간 복제(CDC) 솔루션 엔진개발자채용,(주)데이터스트림즈,경기성남시 분당구 | 신입·경력 | 대졸↑ | 정규직,https://www.saramin.co.kr/zf_user/jobs/relay/view?view_type=search&rec_idx=53461059&location=ts&searchword=%EA%B0%9C%EB%B0%9C%EC%9E%90&searchType=search&paid_fl=n&search_uuid=c803e3a5-6c25-41b7-8b93-a06b2986c98c,사람인
[LF] IT개발자(상품기획/협력업체시스템),(주)LF,서울강남구 | 경력4년↑ | 대졸↑ | 정규직,https://www.saramin.co.kr/zf_user/jobs/relay/view?view_type=search&rec_idx=53460999&location=ts&searchword=%EA%B0%9C%EB%B0%9C%EC%9E%90&searchType=search&paid_fl=n&search_uuid=c803e3a5-6c25-41b7-8b93-a06b2986c98c,사람인
서버/백엔드개발자채용 (경력5년~8년),주식회사 비단팝팝,서울강남구 | 경력 5~8년 | 대졸↑ | 정규직,https://www.saramin.co.kr/zf_user/jobs/relay/view?view_type=search&rec_idx=53460989&location=ts&searchword=%EA%B0%9C%EB%B0%9C%EC%9E%90&searchType=search&paid_fl=n&search_uuid=c803e3a5-6c25-41b7-8b93-a06b2986c98c,사람인
나주 JAVA / 전자정부프레임워크 웹시스템개발자,(주)파인브이티,전남나주시 | 경력 4~15년 | 대졸↑ | 정규직·프리랜서,https://www.saramin.co.kr/zf_user/jobs/relay/view?view_type=search&rec_idx=53460968&location=ts&searchword=%EA%B0%9C%EB%B0%9C%EC%9E%90&searchType=search&paid_fl=n&search_uuid=c803e3a5-6c25-41b7-8b93-a06b2986c98c,사람인
AI개발자,(주)테크랩스,서울강남구 | 경력 | 대졸↑ | 정규직,https://www.saramin.co.kr/zf_user/jobs/relay/view?view_type=search&rec_idx=53460963&location=ts&searchword=%EA%B0%9C%EB%B0%9C%EC%9E%90&searchType=search&paid_fl=n&search_uuid=c803e3a5-6c25-41b7-8b93-a06b2986c98c,사람인
온라인 중견기업 RPA 운영 / java / 가산디지털단지,(주)이에스티소프트,서울금천구 | 경력무관 | 학력무관 | 정규직·계약직,https://www.saramin.co.kr/zf_user/jobs/relay/view?view_type=search&rec_idx=53460959&location=ts&searchword=%EA%B0%9C%EB%B0%9C%EC%9E%90&searchType=search&paid_fl=n&search_uuid=c803e3a5-6c25-41b7-8b93-a06b2986c98c,사람인
"전기전자반도체대기업 시스템 구축 / Java, Vue.js / 판교",(주)이에스티소프트,경기성남시 분당구 | 경력무관 | 학력무관 | 정규직·계약직,https://www.saramin.co.kr/zf_user/jobs/relay/view?view_type=search&rec_idx=53460945&location=ts&searchword=%EA%B0%9C%EB%B0%9C%EC%9E%90&searchType=search&paid_fl=n&search_uuid=c803e3a5-6c25-41b7-8b93-a06b2986c98c,사람인
[MUSMA] 회로(FW)개발자경력직 채용공고(부산근무),(주)무스마,부산수영구 | 경력3년↑ | 학력무관 | 정규직,https://www.saramin.co.kr/zf_user/jobs/relay/view?view_type=search&rec_idx=53460933&location=ts&searchword=%EA%B0%9C%EB%B0%9C%EC%9E%90&searchType=search&paid_fl=n&search_uuid=c803e3a5-6c25-41b7-8b93-a06b2986c98c,사람인
서버/백엔드개발자채용 (경력1년~4년),주식회사 비단팝팝,서울강남구 | 경력 1~4년 | 대졸↑ | 정규직,https://www.saramin.co.kr/zf_user/jobs/relay/view?view_type=search&rec_idx=53460900&location=ts&searchword=%EA%B0%9C%EB%B0%9C%EC%9E%90&searchType=search&paid_fl=n&search_uuid=c803e3a5-6c25-41b7-8b93-a06b2986c98c,사람인
[동탄/코스닥상장사] 유명 반도체 제조업 장비 S/W개발자모집,주식회사커리어플라이(CareerFlyInc.),경기화성시 동탄구 | 경력10년↑ | 초대졸↑ | 정규직,https://www.saramin.co.kr/zf_user/jobs/relay/view?view_type=search&rec_idx=53460898&location=ts&searchword=%EA%B0%9C%EB%B0%9C%EC%9E%90&searchType=search&paid_fl=n&search_uuid=c803e3a5-6c25-41b7-8b93-a06b2986c98c,사람인
개발자(devops/시스템엔지니어) 채용 (경력5년~8년),주식회사 비단팝팝,서울강남구 | 경력 5~8년 | 대졸↑ | 정규직,https://www.saramin.co.kr/zf_user/jobs/relay/view?view_type=search&rec_idx=53460854&location=ts&searchword=%EA%B0%9C%EB%B0%9C%EC%9E%90&searchType=search&paid_fl=n&search_uuid=c803e3a5-6c25-41b7-8b93-a06b2986c98c,사람인
"응용프로그램 C#, MES/SI개발자채용 0명,중국어/디자인 우대",(주)위트코시스템즈,서울금천구 | 신입·경력 | 초대졸↑ | 정규직,https://www.saramin.co.kr/zf_user/jobs/relay/view?view_type=search&rec_idx=53460838&location=ts&searchword=%EA%B0%9C%EB%B0%9C%EC%9E%90&searchType=search&paid_fl=n&search_uuid=c803e3a5-6c25-41b7-8b93-a06b2986c98c,사람인
개발자(devops/시스템엔지니어) 채용 (경력1년~4년),주식회사 비단팝팝,서울강남구 | 경력 1~4년 | 대졸↑ | 정규직,https://www.saramin.co.kr/zf_user/jobs/relay/view?view_type=search&rec_idx=53460813&location=ts&searchword=%EA%B0%9C%EB%B0%9C%EC%9E%90&searchType=search&paid_fl=n&search_uuid=c803e3a5-6c25-41b7-8b93-a06b2986c98c,사람인
최고의 복지로 함께할 '웹 풀스택개발자' 를 찾습니다.,주식회사 성진에이치디에스,서울중구 | 경력무관 | 학력무관 | 정규직,https://www.saramin.co.kr/zf_user/jobs/relay/view?view_type=search&rec_idx=53460775&location=ts&searchword=%EA%B0%9C%EB%B0%9C%EC%9E%90&searchType=search&paid_fl=n&search_uuid=c803e3a5-6c25-41b7-8b93-a06b2986c98c,사람인
"[LF] IT개발자(구매/생산, 수출입 시스템)",(주)LF,서울강남구 | 경력4년↑ | 대졸↑ | 정규직,https://www.saramin.co.kr/zf_user/jobs/relay/view?view_type=search&rec_idx=53460726&location=ts&searchword=%EA%B0%9C%EB%B0%9C%EC%9E%90&searchType=search&paid_fl=n&search_uuid=c803e3a5-6c25-41b7-8b93-a06b2986c98c,사람인
AI개발자,(주)테크랩스,서울강남구 | 신입 | 대졸↑ | 정규직,https://www.saramin.co.kr/zf_user/jobs/relay/view?view_type=search&rec_idx=53460714&location=ts&searchword=%EA%B0%9C%EB%B0%9C%EC%9E%90&searchType=search&paid_fl=n&search_uuid=c803e3a5-6c25-41b7-8b93-a06b2986c98c,사람인
[메타엠]AICC 개발실개발자채용,(주)메타엠,서울중구 | 신입·경력 | 학력무관 | 정규직,https://www.saramin.co.kr/zf_user/jobs/relay/view?view_type=search&rec_idx=53460711&location=ts&searchword=%EA%B0%9C%EB%B0%9C%EC%9E%90&searchType=search&paid_fl=n&search_uuid=c803e3a5-6c25-41b7-8b93-a06b2986c98c,사람인
[Cre8orClub] AI 엔지니어,라텔앤드파트너즈,,https://www.wanted.co.kr/wd/351138,원티드
데이터 애널리스트(Data Analyst),어니스트에이아이,,https://www.wanted.co.kr/wd/351133,원티드
[마케팅리드] AI를 활용한 컨텐츠 마케팅- 태양광발전소에 대한 토큰증권 플랫폼,테사에셋,,https://www.wanted.co.kr/wd/351131,원티드
SWE Project Manager,쓰리아이(3i corporation),,https://www.wanted.co.kr/wd/351124,원티드
DevOps Engineer,코인원(coinone),,https://www.wanted.co.kr/wd/351115,원티드
사업개발 매니저,마스오토,,https://www.wanted.co.kr/wd/351107,원티드
Frontend Engineer,티티씨,,https://www.wanted.co.kr/wd/351093,원티드
[Cre8orClub] Android 개발자 (5년 이상),라텔앤드파트너즈,,https://www.wanted.co.kr/wd/351084,원티드
하드웨어 엔지니어(전장설계),리보틱스,,https://www.wanted.co.kr/wd/351075,원티드
하드웨어 엔지니어(기구설계),리보틱스,,https://www.wanted.co.kr/wd/351074,원티드
DevOps Engineer(5년 이상),비에이치에스엔,,https://www.wanted.co.kr/wd/351049,원티드
DevOps 엔지니어,크림페이,,https://www.wanted.co.kr/wd/351047,원티드
자율주행 시스템 엔지니어 (5년이상/포항),폴라리스쓰리디(Polaris3D),,https://www.wanted.co.kr/wd/351028,원티드
자율주행 시스템 엔지니어 (5년이상/서울),폴라리스쓰리디(Polaris3D),,https://www.wanted.co.kr/wd/351026,원티드
프론트엔드 개발자 (부산),프리그로우,,https://www.wanted.co.kr/wd/351024,원티드
이리온 C++ 어플리케이션 개발자 (포항),폴라리스쓰리디(Polaris3D),,https://www.wanted.co.kr/wd/351023,원티드
이리온 사용자 어플리케이션 개발자 (포항),폴라리스쓰리디(Polaris3D),,https://www.wanted.co.kr/wd/351021,원티드
비즈니스 그로스 & 오퍼레이션 (사업개발/운영),코워크위더스,,https://www.wanted.co.kr/wd/351016,원티드
로봇 CAD 엔지니어 (포항),폴라리스쓰리디(Polaris3D),,https://www.wanted.co.kr/wd/351014,원티드
IP 사업개발 (2~3년),타인에이아이,,https://www.wanted.co.kr/wd/351008,원티드
IP 사업개발 (신입),타인에이아이,,https://www.wanted.co.kr/wd/351007,원티드
Frontend Software Engineer,스페이스비전에이아이,,https://www.wanted.co.kr/wd/351002,원티드
글로벌 커머스 QA & Service Quality Manager(2년 이상),케이투어스토리,,https://www.wanted.co.kr/wd/351001,원티드
AI 모션 크리에이터,퍼스트해빗,,https://www.wanted.co.kr/wd/351000,원티드
[다트/어퍼하우스] 백엔드 개발자,다트쉐어링(DART),,https://www.wanted.co.kr/wd/350992,원티드
[에고이즘] AX Engineer,에고이즘,,https://www.wanted.co.kr/wd/350984,원티드
System Software Engineer (Embedded AI),소울아트,,https://www.wanted.co.kr/wd/350980,원티드
SW QA Engineer,메디트(Medit),,https://www.wanted.co.kr/wd/350978,원티드
양산/개발구매 담당,엠피에스,,https://www.wanted.co.kr/wd/350973,원티드
Stay실 해외 장거리팀 사업개발매니저,마이리얼트립,,https://www.wanted.co.kr/wd/350971,원티드
"백엔드 웹프로그래머 (Spring, MSA) (6년 이상)",키트웍스,,https://www.wanted.co.kr/wd/350967,원티드
"백엔드 웹프로그래머 (Spring, MSA) (4~6년)",키트웍스,,https://www.wanted.co.kr/wd/350965,원티드
[아정커뮤니케이션] 서울 보안 인증 담당자 (3년 이상 ~ 5년 이하),아정네트웍스,,https://www.wanted.co.kr/wd/350963,원티드
DevOps Engineer (2~7년),이노크라스코리아,,https://www.wanted.co.kr/wd/350956,원티드
"[Node.js, Kotlin] 백엔드 개발자 (신입)",디써클,,https://www.wanted.co.kr/wd/350947,원티드
[Node.js/Nest.js] 백엔드 개발자,디써클,,https://www.wanted.co.kr/wd/350946,원티드
[Kotlin/SpringBoot] 백엔드 개발자,디써클,,https://www.wanted.co.kr/wd/350944,원티드
글로벌 사업개발 및 운영,뮤즈라이브(Muzlive),,https://www.wanted.co.kr/wd/350942,원티드
[Solution AI-City] Project Manager,노타(Nota),,https://www.wanted.co.kr/wd/350933,원티드
프론트엔드 개발자 (3년 ~ 8년),싸이터,,https://www.wanted.co.kr/wd/350928,원티드
"L4-L7 스위치 가상화 솔루션 개발 C,Python,Linux",파이오링크,,https://www.wanted.co.kr/wd/350925,원티드
보안솔루션 SM (시스템운영 및 유지보수),아이넵,,https://www.wanted.co.kr/wd/350920,원티드
기술지원 엔지니어,아이넵,,https://www.wanted.co.kr/wd/350917,원티드
AI 개발자,테크랩스,,https://www.wanted.co.kr/wd/350911,원티드
의료 영상 소프트웨어 개발자,우리엔,,https://www.wanted.co.kr/wd/350905,원티드
게임 보안 담당자,넷마블,,https://www.wanted.co.kr/wd/350894,원티드
데이터 플랫폼 엔지니어(크롤링),콘센트릭스서비스코리아CATALYST,,https://www.wanted.co.kr/wd/350893,원티드
[프리랜서] 금융권(보험) AI/ML 서비스 설계 및 구축,원티드긱스(gigs),,https://www.wanted.co.kr/wd/350892,원티드
[부산/경력 5년 이상] 코어셀 - 프로덕트 엔지니어,트리노드,,https://www.wanted.co.kr/wd/350880,원티드
프론트엔드 개발자(팀장),통로이미지,,https://www.wanted.co.kr/wd/350877,원티드
System Board Engineer (PI/SI & PDN Specialist),보스반도체,,https://www.wanted.co.kr/wd/350871,원티드
[웰다] Backend Engineer 3년 이상,엠서클,,https://www.wanted.co.kr/wd/350869,원티드
"[플랫팜] 의제약 특화 커머스 플랫폼, 앱 개발자",루멘테라,,https://www.wanted.co.kr/wd/350868,원티드
디지털 학습 플랫폼 백엔드 개발자 (JAVA),미래엔,,https://www.wanted.co.kr/wd/350866,원티드
iOS 개발자,유핀테크허브(유트랜스퍼),,https://www.wanted.co.kr/wd/350865,원티드
Frontend Engineer (2~5년),셀렉트스타,,https://www.wanted.co.kr/wd/350864,원티드
실사용 데이터 기반 AI 운동 플랫폼을 함께 만드는 풀스택개발자,라이프핏랩(LifeFitLabInc.),,https://www.wanted.co.kr/wd/350859,원티드
전략기획/사업개발 담당자 (10년 내외),스마트마인드에이아이,,https://www.wanted.co.kr/wd/350857,원티드
Senior Solution Engineer,티냅스,,https://www.wanted.co.kr/wd/350820,원티드
Lead Security Engineer,티냅스,,https://www.wanted.co.kr/wd/350813,원티드
System Engineer(Mobility),뷰런테크놀로지,,https://www.wanted.co.kr/wd/350812,원티드
Senior Backend Engineer,티냅스,,https://www.wanted.co.kr/wd/350811,원티드
Founding AI/ML Engineer,티냅스,,https://www.wanted.co.kr/wd/350807,원티드
솔루션 풀스택 .NET 개발자 (석/박사) 전문연구요원,이지케어텍,,https://www.wanted.co.kr/wd/350801,원티드
앱 개발(AOS) 담당자,티머니,,https://www.wanted.co.kr/wd/350800,원티드
머신러닝 엔지니어 1~8년,마리나체인,,https://www.wanted.co.kr/wd/350785,원티드
AI Engineer(1년 이상),에이엠스퀘어,,https://www.wanted.co.kr/wd/350783,원티드
[아토머스] 풀스택 개발자,아토머스(마인드카페),,https://www.wanted.co.kr/wd/350779,원티드
[아토머스] PO-AI Agent,아토머스(마인드카페),,https://www.wanted.co.kr/wd/350776,원티드
[아토머스] 풀스택 마케터,아토머스(마인드카페),,https://www.wanted.co.kr/wd/350769,원티드
임베디드 엔지니어 (부산),프리그로우,,https://www.wanted.co.kr/wd/350768,원티드
[아토머스] 일본 사업개발 매니저,아토머스(마인드카페),,https://www.wanted.co.kr/wd/350762,원티드
Realtime Perception/Streaming Engineer,대동애그테크,,https://www.wanted.co.kr/wd/350751,원티드
3D Perception 엔지니어,대동애그테크,,https://www.wanted.co.kr/wd/350748,원티드
풀스택 개발자 (4년 이상),윙잇,,https://www.wanted.co.kr/wd/350741,원티드
광고 플랫폼 백엔드 리드,리스타,,https://www.wanted.co.kr/wd/350738,원티드
클라우드 엔지니어,드림어스컴퍼니,,https://www.wanted.co.kr/wd/350724,원티드
[정보보안센터] 서비스 모의해킹,엘지유플러스(LG유플러스),,https://www.wanted.co.kr/wd/350723,원티드
LLM Research Engineer,나니아랩스,,https://www.wanted.co.kr/wd/350722,원티드
[정보보안센터] 침해사고 예방 및 대응,엘지유플러스(LG유플러스),,https://www.wanted.co.kr/wd/350721,원티드
[정보보안센터] 퍼블릭 클라우드 보안,엘지유플러스(LG유플러스),,https://www.wanted.co.kr/wd/350719,원티드
[정보보안센터] 정보보안솔루션 및 장비 운영,엘지유플러스(LG유플러스),,https://www.wanted.co.kr/wd/350718,원티드
Agent Solution팀 Full-Stack 개발자(7년 이상),크라우드웍스,,https://www.wanted.co.kr/wd/350705,원티드
[Wasabi 10] 일본 마케팅 플랫폼 데이터 엔지니어,에이든랩,,https://www.wanted.co.kr/wd/350703,원티드
QA Engineer,번개장터,,https://www.wanted.co.kr/wd/350700,원티드
[정보보안센터] 개인정보정책팀 Manager,엘지유플러스(LG유플러스),,https://www.wanted.co.kr/wd/350693,원티드
클라우드 및 인프라 운영 담당자,파메어스,,https://www.wanted.co.kr/wd/350677,원티드
[텐바이텐] Sr. 프론트엔드 개발자 (6년차 이상 / Full-Stack 지향),백패커,,https://www.wanted.co.kr/wd/350672,원티드
마케팅 AI 에이전트 Backend 개발자 (신입),라이트에이아이,,https://www.wanted.co.kr/wd/350671,원티드
AI Engineer,퍼스트해빗,,https://www.wanted.co.kr/wd/350668,원티드
Back-end Developer (5년 내외),미소(miso),,https://www.wanted.co.kr/wd/350666,원티드
데이터엔지니어 (AI Ops),콘센트릭스서비스코리아CATALYST,,https://www.wanted.co.kr/wd/350665,원티드
AI Analytics Engineer,인포유앤컴퍼니,,https://www.wanted.co.kr/wd/350664,원티드
프론트엔드 개발 리드 (React Native),미소(miso),,https://www.wanted.co.kr/wd/350660,원티드
성능/부하 테스트 엔지니어 (Performance Engineer),에스티씨랩(STCLab),,https://www.wanted.co.kr/wd/350657,원티드
MLOps 엔지니어,온택트헬스,,https://www.wanted.co.kr/wd/350626,원티드
AI Backend Engineer,퍼스트해빗,,https://www.wanted.co.kr/wd/350624,원티드
Software Engineer,바이온사이트,,https://www.wanted.co.kr/wd/350622,원티드
[분당] 광고 비즈니스 플랫폼 테스트엔지니어,이노아이,,https://www.wanted.co.kr/wd/350621,원티드
Senior Platform Engineer (ACS),베어로보틱스코리아,,https://www.wanted.co.kr/wd/350618,원티드
"Software Engineer, Web Frontend",베어로보틱스코리아,,https://www.wanted.co.kr/wd/350617,원티드
"Robotics Software Engineer, Mission Behavior",베어로보틱스코리아,,https://www.wanted.co.kr/wd/350614,원티드
[아토머스] AI Tech Lead,아토머스(마인드카페),,https://www.wanted.co.kr/wd/350603,원티드
[2년~7년] Frontend Engineer (React / Nextjs),스펙터,,https://www.wanted.co.kr/wd/350601,원티드
LLM Engineer (XARVIS),에스투더블유(S2W),,https://www.wanted.co.kr/wd/350591,원티드
[B2B SaaS] 백엔드 개발자,아드리엘(Adriel),,https://www.wanted.co.kr/wd/350590,원티드
[AX AgentX] 데이터 엔지니어(RAG/LLM Pipeline),콕스웨이브,,https://www.wanted.co.kr/wd/350587,원티드
[Swap] Product Manager,더스윙,,https://www.wanted.co.kr/wd/350582,원티드
[Swap] Product Owner,더스윙,,https://www.wanted.co.kr/wd/350580,원티드
"[서비스개발센터] 백엔드 개발자 (7~10년, 과장급)",동아사이언스,,https://www.wanted.co.kr/wd/350573,원티드
백엔드팀 리드 (팀장급),에버온,,https://www.wanted.co.kr/wd/350572,원티드
AI 기술 개발 리더,비바이노베이션,,https://www.wanted.co.kr/wd/350571,원티드
"[서비스개발센터] 프론트엔드 개발자 (4년 이상 대리급, 7~10년 과장급)",동아사이언스,,https://www.wanted.co.kr/wd/350570,원티드
AI 교육 콘텐츠 기획자,플레이태그,,https://www.wanted.co.kr/wd/350569,원티드
[인턴] [다글로] AI Growth Marketer,액션파워,,https://www.wanted.co.kr/wd/350568,원티드
Data Scientist/Engineer,식스티헤르츠,,https://www.wanted.co.kr/wd/350565,원티드
AI Engineer,빗썸,,https://www.wanted.co.kr/wd/350564,원티드
[제주]데이터 사이언티스트,잇뉴,,https://www.wanted.co.kr/wd/350562,원티드
데이터베이스관리자(DBA),제로백데브,,https://www.wanted.co.kr/wd/350561,원티드
보안 기술 엔지니어 (Security Technical Engineer),티맵모빌리티,,https://www.wanted.co.kr/wd/350554,원티드
로봇 시스템 비전 소프트웨어 엔지니어,아이벡스,,https://www.wanted.co.kr/wd/350552,원티드
VSLAM Engineer - Team Lead,스트라드비젼(STRADVISION),,https://www.wanted.co.kr/wd/350550,원티드
[토스] Server Developer(Platform),비바리퍼블리카(토스),,https://www.wanted.co.kr/wd/350548,원티드
휴머노이드 로봇용 모터 제어 개발자 (3년 이상),더블커런트 (Double Current),,https://www.wanted.co.kr/wd/350540,원티드
휴머노이드 로봇용 모터 제어 개발자 (신입/주니어),더블커런트 (Double Current),,https://www.wanted.co.kr/wd/350538,원티드
모빌리티 플랫폼 개발 리더,슈퍼무브,,https://www.wanted.co.kr/wd/350531,원티드
DevOps Engineer,이베이재팬(eBay),,https://www.wanted.co.kr/wd/350521,원티드
Backend Engineer (.NET),이베이재팬(eBay),,https://www.wanted.co.kr/wd/350520,원티드
프론트엔드 개발자 5년 이상 [서울],엔엑스,,https://www.wanted.co.kr/wd/350514,원티드
백엔드개발자(3~5년차),바운드포,,https://www.wanted.co.kr/wd/350512,원티드
Backend 개발자,블래스트,,https://www.wanted.co.kr/wd/350498,원티드
Microsoft M365 보안 엔지니어,콘센트릭스서비스코리아CRM,,https://www.wanted.co.kr/wd/350496,원티드
펌웨어 개발자 (3년~10년차),이노서스,,https://www.wanted.co.kr/wd/350482,원티드
Software Testing Engineer,스트라드비젼(STRADVISION),,https://www.wanted.co.kr/wd/350469,원티드
Frontend Engineer(3년 이상),제로엑스플로우,,https://www.wanted.co.kr/wd/350465,원티드
Backend Engineer(3년이상),제로엑스플로우,,https://www.wanted.co.kr/wd/350464,원티드
Field Integration Engineer,베어로보틱스코리아,,https://www.wanted.co.kr/wd/350463,원티드
[챌린저스] 사업개발 (B2B 세일즈 · 상품 고도화) (신입),화이트큐브,,https://www.wanted.co.kr/wd/350462,원티드
Software QA Engineer,베어로보틱스코리아,,https://www.wanted.co.kr/wd/350457,원티드
Field Application Engineer,휴이노,,https://www.wanted.co.kr/wd/350451,원티드
백엔드 개발자,비큐에이아이,,https://www.wanted.co.kr/wd/350439,원티드
Front end 개발 리더,앵커스,,https://www.wanted.co.kr/wd/350433,원티드
빅데이터 솔루션 엔지니어 (1년 이상),로이드케이,,https://www.wanted.co.kr/wd/350432,원티드
[웰다] Data Science 담당 5년 이상,대웅,,https://www.wanted.co.kr/wd/350431,원티드
Full Stack Developer,바비톡,,https://www.wanted.co.kr/wd/350427,원티드
Backend Engineer Lead,바비톡,,https://www.wanted.co.kr/wd/350421,원티드
[라포랩스/퀸잇] Frontend Engineer (2년 이상),라포랩스,,https://www.wanted.co.kr/wd/350419,원티드
AI활용 웹디자이너(이커머스/상세페이지),달콤한고래들,,https://www.wanted.co.kr/wd/350415,원티드
